Run,Event,PID1,Q1,E1,px1,py1,pz1,eta1,phi1,PID2,Q2,E2,px2,py2,pz2,eta2,phi2,PID3,Q3,E3,px3,py3,pz3,eta3,phi3,PID4,Q4,E4,px4,py4,pz4,eta4,phi4
173198,1053695987,13,-1,68.2038,-6.6043,-61.8819,-27.9062,-0.434601,-1.67712,-11,1,239.499,-28.9089,75.9654,-225.285,-1.74367,1.93443,-11,1,100.214,-44.5913,63.1655,63.7545,0.751733,2.1855,11,-1,142.532,45.2938,8.93003,-134.848,-1.79315,0.194661
165570,83002804,13,-1,17.9211,2.36974,7.53184,-16.0875,-1.46027,1.26597,-13,1,17.3006,2.15267,7.08633,-15.6349,-1.49224,1.27588,-11,1,36.0396,-9.35183,-34.7926,0.936103,0.0259801,-1.83338,11,-1,42.0976,5.69377,17.6273,-37.803,-1.46171,1.25837
166565,689490445,11,-1,120.652,19.4993,19.2371,-117.502,-2.16269,0.778631,-11,1,36.0963,-20.7405,-8.98518,-28.1433,-1.04453,-2.73278,11,-1,27.0023,-18.1789,-11.0171,-16.6517,-0.719621,-2.59675,-11,1,14.4385,-8.3375,-5.26161,-10.5485,-0.929979,-2.57863
167898,1690626261,13,-1,268.745,34.3055,-45.6907,-262.601,-2.22998,-0.92677,-13,1,44.8672,14.2969,27.263,-32.6402,-0.923368,1.08781,-11,1,241.474,4.09676,-54.4599,-235.217,-2.16658,-1.49571,-11,1,177.494,-22.3765,34.188,-172.727,-2.14842,2.15034
163334,286336207,-13,1,50.4618,43.9348,20.2387,-14.3703,-0.292873,0.431677,13,-1,50.4224,-38.4343,-24.9245,-21.071,-0.445133,-2.56627,-11,1,56.1417,-17.1982,-26.2035,-46.5778,-1.187,-2.15161,11,-1,30.1759,17.8132,22.5284,-9.25975,-0.317075,0.901751
163758,113529826,-11,1,112.039,-19.2226,25.6749,107.35,1.92281,2.21346,11,-1,26.6863,6.94914,-23.0538,11.506,0.461317,-1.27803,-11,1,10.1663,2.352,-9.35977,-3.19643,-0.325435,-1.32461,11,-1,12.2376,3.98114,6.14426,9.80604,1.10224,0.995867
166408,1041244629,-13,1,74.4485,36.6417,28.0386,-58.4276,-1.05776,0.653164,13,-1,11.215,5.52481,4.24136,-8.78928,-1.05501,0.654729,-11,1,189.964,-58.5897,-44.8227,-175.055,-1.59901,-2.48854,11,-1,17.3483,15.2154,8.30668,-0.673471,-0.0388401,0.49972
172802,375002589,-13,1,25.2633,-8.72442,17.1644,16.3552,0.770799,2.04105,13,-1,18.2126,-5.68963,12.7354,11.7101,0.763228,1.99095,11,-1,49.588,33.1954,-31.7291,-18.7162,-0.397065,-0.762818,-11,1,22.4142,-8.20998,14.1233,15.3467,0.837888,2.09736
172952,469870761,13,-1,16.1893,14.9525,-0.34214,6.19578,0.403239,-0.0228778,-13,1,7.53772,7.00112,-0.134216,2.78788,0.3883,-0.0191683,-11,1,125.619,-31.3077,8.54928,121.354,2.02946,2.87502,11,-1,12.8177,11.8453,4.24866,2.43531,0.192333,0.344385
172952,842265702,-11,1,87.628,41.7576,11.5591,-76.1667,-1.32982,0.270053,11,-1,37.9247,-20.5105,24.6846,-20.2058,-0.59403,2.2641,-11,1,11.3639,-6.93362,6.40937,-6.32315,-0.627642,2.39546,11,-1,26.6822,-0.119199,-9.07494,-25.0912,-1.74127,-1.58393
163659,344708580,11,-1,61.6886,-50.3627,-15.4488,32.1002,0.576831,-2.84395,-11,1,44.3136,40.6614,-15.9374,7.50629,0.171039,-0.37355,-11,1,26.7699,-0.250656,26.4523,4.10358,0.154509,1.58027,11,-1,18.1029,-13.5592,1.03685,11.9494,0.792955,3.06527
172868,1679112995,13,-1,46.4514,-20.7469,-14.1725,39.0695,1.22488,-2.54229,-13,1,15.6523,-6.95408,-4.90035,13.1381,1.21911,-2.52774,11,-1,157.079,32.6744,20.7019,152.242,2.07904,0.564747,-11,1,13.3883,-7.12517,-5.8998,9.67838,0.913689,-2.45
172014,148597565,13,-1,19.1718,18.8254,-2.69936,-2.42199,-0.127011,-0.142419,-13,1,8.70174,8.53322,-1.42311,-0.931679,-0.107488,-0.165252,11,-1,49.4584,-43.5103,10.5374,-21.0226,-0.453847,2.90399,-11,1,17.2818,13.7158,-8.48901,-6.20267,-0.375639,-0.554218
167898,1630441711,13,-1,71.7483,16.4491,-18.4537,-67.355,-1.72758,-0.842771,-13,1,22.9804,4.98359,-8.85037,-20.6137,-1.45675,-1.05796,11,-1,28.9275,-25.0967,9.91586,-10.4225,-0.377229,2.76531,-11,1,25.3909,6.49994,17.8861,-16.8088,-0.79637,1.22223
172952,1440032109,13,-1,47.1328,-11.2821,5.27428,-45.4575,-2.00613,2.70429,-13,1,30.5597,-4.44713,-3.60825,-30.0181,-2.35877,-2.45996,-11,1,185.72,22.713,39.0019,-180.152,-2.09266,1.04345,11,-1,31.5871,3.38169,-28.0595,-14.1059,-0.480408,-1.45086
172868,-2061758858,-11,1,42.929,-17.1309,33.3182,20.9602,0.533763,2.04571,11,-1,23.665,7.33229,-15.0816,-16.6978,-0.878344,-1.11827,-11,1,14.6398,4.29779,-9.89386,-9.89777,-0.821866,-1.161,11,-1,12.9175,1.89749,-7.63036,-10.2489,-1.08056,-1.32706
172024,18310418,13,-1,7.9315,-3.14092,-5.98566,4.14777,0.580454,-2.05404,-13,1,6.10778,-2.56102,-5.42596,1.13754,0.188472,-2.01179,-11,1,56.0717,29.0086,9.19983,47.0946,1.22083,0.307108,11,-1,23.529,-16.0399,0.966542,-17.1873,-0.929736,3.08141
166888,73670468,-13,1,14.6458,-0.147172,-14.6188,-0.870537,-0.0595112,-1.58086,13,-1,8.89583,0.988891,-8.71078,-1.50631,-0.170987,-1.45776,11,-1,39.1492,-16.5955,35.4395,-1.1362,-0.0290305,2.00874,-11,1,30.7289,17.9093,-8.1169,23.6144,1.01659,-0.425532
172799,10347106,11,-1,215.87,-9.38901,113.027,183.675,1.25926,1.65367,11,-1,97.8731,9.27214,-95.3894,19.8505,0.20567,-1.4739,-11,1,49.552,-39.9507,9.24934,27.817,0.634832,2.91408,-11,1,51.3601,34.2592,-20.8718,-32.0709,-0.732237,-0.54718
172399,107067575,-13,1,31.2197,6.83491,-4.99898,30.0492,1.97898,-0.631484,13,-1,22.7934,4.80281,-3.70674,21.971,1.99857,-0.657299,11,-1,55.8175,33.4375,21.9989,38.9047,0.861438,0.581916,-11,1,124.722,-17.8834,-14.5403,122.574,2.37299,-2.45894
172949,1188043146,13,-1,57.7394,-54.0647,7.237,-18.9331,-0.34048,3.00853,-13,1,37.984,32.342,-19.4447,4.32089,0.11425,-0.541315,-11,1,71.8983,67.0767,-20.2283,-16.1524,-0.228555,-0.292897,11,-1,39.9942,-23.7839,-0.486177,-32.15,-1.10945,-3.12115
172401,3729470,-13,1,48.5643,-40.5716,-22.7848,-13.9024,-0.294497,-2.62989,13,-1,79.4437,30.9827,-0.575343,-73.1508,-1.59418,-0.0185677,-11,1,79.8732,45.8974,11.8758,-64.2816,-1.11208,0.253193,11,-1,40.0327,-36.8614,-10.6502,-11.4204,-0.293418,-2.86033
171578,354330879,-13,1,6.42545,4.07255,4.66579,1.70877,0.272527,0.853184,13,-1,6.20887,3.9195,4.69864,1.04844,0.170519,0.87556,11,-1,41.1864,4.66,40.7857,-3.33578,-0.0811702,1.45703,-11,1,59.4282,-12.3422,-5.62763,-57.8594,-2.15716,-2.71379
173439,784633658,-13,1,41.177,13.2821,20.7572,32.9887,1.10181,1.00157,13,-1,11.7563,3.77431,5.95314,9.40822,1.09945,1.00575,11,-1,154.597,65.4191,72.4919,119.856,1.03343,0.836639,-11,1,71.0854,-20.2566,55.1716,39.9864,0.6365,1.92267
165993,1225840127,13,-1,51.5337,11.1476,9.37115,49.433,1.93629,0.699038,-13,1,32.0858,7.10311,5.69158,30.7675,1.9323,0.67552,-11,1,44.7447,-30.7392,-18.7231,26.5826,0.683972,-2.59451,11,-1,48.2654,17.4865,9.05017,44.0666,1.5453,0.477591
173241,870764702,13,-1,23.4463,16.2156,-16.9281,0.459548,0.0196027,-0.806892,-13,1,6.22556,4.32982,-4.47005,0.133049,0.0213777,-0.801332,11,-1,159.101,13.8428,60.5614,-146.471,-1.59306,1.34608,-11,1,106.158,-20.3354,-27.6432,-100.458,-1.79521,-2.20504
166408,917379387,13,-1,217.88,-52.3861,-44.7491,-206.7,-1.81849,-2.43466,-13,1,166.384,29.3645,31.1233,-160.788,-2.0342,0.814466,11,-1,52.1652,30.5705,41.8175,-6.16037,-0.118647,0.939536,-11,1,49.4396,-32.5934,-12.721,-34.9303,-0.880209,-2.76948
171050,380173437,13,-1,18.3673,16.9817,-0.992905,-6.92699,-0.396726,-0.0584028,-13,1,14.3465,13.2381,-0.780585,-5.47314,-0.401821,-0.0588968,-11,1,46.5992,-46.4918,1.33274,-2.86694,-0.0616013,3.11293,11,-1,12.6821,12.0595,-1.02542,-3.78848,-0.30812,-0.0848258
166922,112725318,13,-1,32.1241,-16.5619,-6.78284,26.6767,1.18952,-2.75288,-13,1,34.5865,0.91502,-13.2461,31.9361,1.61146,-1.50183,11,-1,26.9831,-24.6867,2.0513,-10.6979,-0.419451,3.05869,-11,1,31.0754,14.0512,11.7335,25.1112,1.12144,0.695753
172619,36026762,13,-1,21.5318,-18.0983,-10.7477,4.53277,0.213713,-2.60571,-13,1,7.7131,-7.09297,2.48462,1.73124,0.228364,2.80466,11,-1,46.6846,35.7696,-2.34381,-29.9081,-0.75926,-0.0654317,-11,1,20.3504,-11.4726,13.9764,-9.33686,-0.495798,2.25813
172620,218903169,-13,1,11.1629,10.8074,1.16124,-2.53998,-0.231601,0.107038,13,-1,17.3666,7.84204,4.27929,14.8922,1.28396,0.499525,-11,1,120.82,-31.9358,-34.2581,111.374,1.60094,-2.32112,11,-1,57.1496,12.16,34.3281,44.0432,1.02196,1.23036
166554,561127265,-13,1,77.2466,38.2073,-0.959494,67.1291,1.32908,-0.0251075,13,-1,30.4737,-23.9794,18.2976,4.33892,0.143357,2.48979,-13,1,19.7765,-0.525241,8.04013,18.0604,1.5467,1.63603,13,-1,12.0177,0.262795,7.66552,9.25115,1.0199,1.53653
166701,233390031,-13,1,76.7124,-11.9167,18.467,73.4965,1.92198,2.14386,13,-1,61.0414,-9.27893,14.3182,58.6083,1.94772,2.1458,-11,1,55.0662,37.5503,37.6703,14.2552,0.264901,0.786994,11,-1,18.022,-15.3095,-4.482,8.38575,0.504064,-2.85679
163583,2644519,-13,1,30.2788,-3.36997,-26.8919,13.5005,0.479542,-1.69546,13,-1,9.7174,-2.08481,-8.22985,4.72651,0.531367,-1.8189,11,-1,37.52,-7.56763,36.7245,-1.33748,-0.0356623,1.77402,-11,1,14.2692,1.82762,-11.5235,8.21447,0.655977,-1.41351
163738,54799996,-13,1,22.7598,-13.6828,-18.1659,-0.882594,-0.0387985,-2.21635,13,-1,8.5048,-4.90763,-6.92493,-0.53007,-0.0624117,-2.18733,-11,1,106.608,36.157,42.9909,-90.6075,-1.25584,0.871528,11,-1,19.2774,-13.3795,-13.7034,-2.19608,-0.114417,-2.34424
172802,105918536,-13,1,48.876,-18.045,-2.0233,-45.3777,-1.64687,-3.02993,13,-1,15.9315,-5.83889,-0.833333,-14.7991,-1.65062,-2.99983,-11,1,194.349,39.4735,13.1704,-189.842,-2.22273,0.322038,11,-1,124.009,-20.6053,-1.91737,-122.27,-2.47661,-3.04881
163235,192228201,11,-1,165.828,29.0365,10.8151,162.908,2.36174,0.356546,-11,1,19.7388,-13.4284,3.7072,13.984,0.884075,2.87223,11,-1,17.9385,-7.43413,-10.7459,12.2902,0.838721,-2.17601,-11,1,9.68708,-3.49529,-6.69543,6.06577,0.735093,-2.05192
172868,933807102,13,-1,165.08,-72.4362,-36.8636,-143.685,-1.33472,-2.67084,-13,1,52.6736,-35.0749,32.778,-21.6761,-0.437438,2.39003,-11,1,102.449,87.3719,52.3065,-11.2265,-0.110022,0.539437,11,-1,52.9591,34.6148,-32.7692,-23.0794,-0.46703,-0.758016
167830,22538431,-13,1,40.3784,19.0826,-7.20912,-34.8466,-1.305,-0.36121,13,-1,39.5333,14.7431,-6.4741,-36.1054,-1.54703,-0.413777,11,-1,63.7905,-33.7952,23.7732,-48.5999,-1.00065,2.52855,-11,1,27.8048,6.92042,-8.86821,-25.4277,-1.5544,-0.908144
166782,328428505,-13,1,50.6522,1.21286,-38.2932,33.1331,0.782484,-1.53913,13,-1,7.15845,-0.186828,-5.06337,5.05566,0.879816,-1.60768,-11,1,84.0575,-10.0184,26.8725,79.0136,1.73801,1.92765,11,-1,26.3791,14.5036,-7.40423,20.7529,1.06276,-0.472022
173439,108304789,11,-1,46.002,-33.7561,31.0171,3.82839,0.0834152,2.39846,11,-1,14.3997,4.99295,-8.77189,10.2701,0.893703,-1.05333,-11,1,23.77,3.02754,-8.72602,21.9021,1.59834,-1.23684,-11,1,43.846,9.18296,0.662178,42.8685,2.24268,0.0719849
170842,134699321,13,-1,13.3493,-12.5272,4.3439,1.54634,0.116363,2.80781,-13,1,8.49333,-5.13211,6.75601,-0.378472,-0.0445941,2.22044,11,-1,66.8442,1.24985,54.3716,-38.8627,-0.664563,1.54781,-11,1,66.7257,0.0976289,-41.3545,-52.3652,-1.0577,-1.56844
170842,354323780,13,-1,18.2367,-6.97966,0.764483,-16.8305,-1.6083,3.0325,-13,1,15.9226,-6.66295,-0.137093,-14.4605,-1.5171,-3.12102,-11,1,28.633,27.9081,3.22441,-5.53059,-0.195612,0.115026,11,-1,87.3872,-13.7536,-7.86662,-85.9388,-2.39236,-2.62204
170842,370177801,-13,1,26.68,-7.65858,1.46292,-25.515,-1.90124,2.95285,13,-1,6.92065,5.22337,-4.5372,-0.119956,-0.0173368,-0.715213,11,-1,43.1082,-2.65652,40.7694,-13.752,-0.330547,1.63586,-11,1,153.567,-35.1583,9.31837,-149.198,-2.11915,2.88251
165570,238719385,-13,1,40.8077,1.74608,-37.8967,-15.0351,-0.386614,-1.52475,-11,1,333.399,-321.263,78.2392,-42.7068,-0.128803,2.90271,11,-1,86.199,84.3562,17.6914,1.14794,0.0133181,0.206726,11,-1,42.0455,-33.494,10.3136,-23.2295,-0.62195,2.84288
166429,47761946,-13,1,20.3221,-10.7546,-15.1764,-8.18487,-0.426941,-2.1873,13,-1,11.9071,-6.68347,-8.75134,-4.52924,-0.400522,-2.22301,-11,1,51.3863,42.8843,28.0061,4.14055,0.0807521,0.578525,11,-1,10.4244,-9.61128,0.375158,-4.01889,-0.406534,3.10258
173389,377808968,13,-1,12.2883,5.28531,-3.73703,-10.4446,-1.25615,-0.615449,-13,1,8.11081,4.39986,-2.61359,-6.29161,-1.03467,-0.536009,11,-1,129.291,16.6156,65.0566,110.489,1.27287,1.32074,-11,1,55.8102,-13.4076,-26.153,47.445,1.25657,-2.04452
166408,1457533094,11,-1,209.234,-58.1064,-54.9105,193.358,1.61656,-2.38447,11,-1,291.705,37.7887,38.2776,-286.703,-2.37523,0.791825,-11,1,35.6293,10.4107,21.043,26.8003,0.978001,1.11137,-11,1,40.665,7.60927,1.96769,39.8983,2.32731,0.253048
166763,253600143,-13,1,18.9228,10.6806,9.01877,12.7533,0.817997,0.70124,13,-1,6.59538,4.51297,4.42782,1.87491,0.292369,0.775875,11,-1,63.4182,-24.0918,-20.8378,54.8383,1.31172,-2.42849,-11,1,20.5968,15.1413,13.614,-3.10283,-0.151802,0.732333
165633,394010457,-13,1,78.7781,35.8377,42.7459,-55.6276,-0.879425,0.873082,13,-1,52.6351,-33.9963,39.2427,8.64342,0.165715,2.28468,-11,1,83.3579,-47.1287,-62.1287,-29.4526,-0.369241,-2.21976,11,-1,58.3598,35.0452,-14.0502,-44.5005,-1.00221,-0.381297
173692,-1795561967,-11,1,72.1163,33.5858,-19.7374,-60.6893,-1.22645,-0.531304,-11,1,44.5477,-25.4075,16.4051,32.7083,0.937845,2.56826,11,-1,60.1716,-10.2261,4.1181,-59.1531,-2.38176,2.75876,11,-1,14.2485,7.03847,-2.7492,-12.0798,-1.24826,-0.372373
166380,1035478243,-13,1,18.591,-8.02618,13.4356,-10.0339,-0.603772,2.10929,13,-1,17.0311,-7.07065,11.2724,-10.6295,-0.73175,2.13102,11,-1,63.7336,44.0231,-16.9332,-42.8625,-0.815342,-0.367198,-11,1,26.183,-14.0988,11.7051,-18.7021,-0.895871,2.4487
173692,-943362816,-13,1,25.8684,11.1692,-1.25805,-23.2987,-1.47575,-0.112162,13,-1,11.5679,5.31515,-0.638253,-10.2541,-1.40518,-0.11951,11,-1,42.8263,26.8317,15.3284,-29.6512,-0.852474,0.519035,-11,1,26.5621,-17.8329,-14.383,13.441,0.557367,-2.46287
172822,84951748,-13,1,182.512,12.2647,60.379,171.798,1.74931,1.37039,13,-1,290.409,-31.5602,-46.6307,284.898,2.32409,-2.16579,-11,1,107.115,4.52764,25.2425,-103.999,-2.10803,1.39332,-11,1,36.5012,-7.93039,-21.0765,-28.7268,-1.06352,-1.93068
172801,843666999,13,-1,11.4583,7.40806,-1.49072,-8.61277,-0.976839,-0.198577,-13,1,9.067,5.73809,-1.78865,-6.78782,-0.969944,-0.302171,11,-1,140.555,-38.9759,-3.18522,-135.005,-1.95253,-3.06005,-11,1,18.7492,17.2674,-6.27,-3.74925,-0.2027,-0.348308
166033,1177951480,-11,1,42.0478,-10.347,40.2456,-6.42277,-0.153954,1.82244,11,-1,22.1265,6.2109,-18.7453,9.98107,0.486069,-1.25085,11,-1,14.9494,-6.08941,-13.4626,2.2719,0.15316,-1.99558,-11,1,12.9807,4.69105,-11.5609,3.58295,0.28337,-1.18533
171812,312243448,-13,1,35.0884,12.6725,-3.46305,-32.5362,-1.63853,-0.26676,13,-1,22.0646,8.53992,-2.63961,-20.1727,-1.55292,-0.299776,11,-1,44.6937,5.36204,-43.0235,-10.8516,-0.247747,-1.44681,-11,1,94.2481,33.6313,-11.755,-87.2551,-1.62819,-0.336254
167043,32170369,-13,1,15.1283,-7.5245,2.83887,12.8132,1.2454,2.78082,13,-1,20.5913,-6.56117,2.8935,19.3021,1.71618,2.72624,-11,1,31.4198,18.8453,-25.1407,0.04054,0.00129027,-0.927556,11,-1,58.3326,-6.02001,12.2788,56.707,2.1297,2.02663
172822,1111220531,13,-1,68.9104,9.18147,13.0322,-67.041,-2.14336,0.957043,-11,1,124.292,-15.1299,-26.9349,-120.391,-2.06942,-2.0826,-11,1,118.805,15.5348,24.6621,-115.174,-2.08288,1.00867,11,-1,57.4683,7.33783,10.4744,-56.0272,-2.18318,0.959704
166859,99330509,11,-1,55.3404,-37.2218,38.8098,-13.0729,-0.240775,2.33531,-11,1,71.8538,6.7439,-48.2771,-52.7902,-0.93884,-1.432,11,-1,22.8516,19.5006,-1.60554,11.8045,0.571654,-0.0821478,-11,1,14.8749,11.2252,-3.04783,9.27192,0.730424,-0.265124
173692,-1572852967,13,-1,29.8935,-15.0814,-24.6878,-7.52831,-0.257376,-2.11918,-13,1,97.6274,19.983,5.70277,95.3901,2.22875,0.277992,-11,1,51.572,-41.9751,-21.0973,21.276,0.438679,-2.67586,11,-1,75.7442,21.6475,38.7022,61.406,1.12908,1.06081
167675,876658967,-11,1,46.2967,-45.4721,-8.6101,-1.24072,-0.0268058,-2.95446,11,-1,45.8568,43.5367,14.3708,-0.940301,-0.020508,0.318824,-11,1,27.2561,-13.6734,-19.6597,13.0164,0.519816,-2.1785,11,-1,7.57191,-0.0913048,7.28083,-2.07727,-0.281549,1.58334
166408,63163165,13,-1,106.435,19.6118,39.5116,96.864,1.52797,1.11007,-13,1,21.3022,1.30165,-17.8158,-11.605,-0.610935,-1.49786,-11,1,27.5176,-13.604,-9.58435,21.9155,1.08874,-2.52784,11,-1,13.4613,-5.99207,-9.44762,7.4862,0.627212,-2.13601
166033,1091994700,13,-1,80.7083,24.2196,-10.8214,76.2242,1.77764,-0.420193,-13,1,17.3327,5.08407,-2.41622,16.3929,1.79031,-0.443655,11,-1,143.384,87.1709,36.9235,107.689,0.975362,0.400664,-11,1,139.788,45.9473,-43.6512,124.596,1.42831,-0.759778
166950,1491724484,13,-1,33.7468,16.8681,-29.1201,2.51404,0.0746358,-1.04577,-13,1,107.174,-13.6052,15.0956,105.229,2.34679,2.30431,11,-1,65.4968,34.8201,34.7149,43.2698,0.793947,0.783884,-11,1,48.2976,-43.1704,-9.65137,19.3863,0.425307,-2.92164
167675,348922949,-11,1,114.953,-21.9411,-62.4945,-93.9528,-1.14868,-1.90844,11,-1,53.7501,2.45524,32.7378,-42.5592,-1.07623,1.49594,-11,1,13.6039,4.78042,10.4493,-7.28178,-0.597506,1.14173,11,-1,11.4492,4.07956,8.76823,-6.12865,-0.597529,1.13532
171446,173341393,-13,1,77.5738,49.3467,5.50426,59.6012,1.0162,0.111084,13,-1,61.7882,1.11387,28.485,-54.819,-1.40867,1.53171,-11,1,127.027,-30.1444,24.2998,-120.982,-1.85713,2.46314,11,-1,24.8753,24.1296,-6.00187,-0.720384,-0.028968,-0.243788
166950,835968916,-13,1,12.1329,-8.88285,-0.226275,8.26067,0.830748,-3.11612,13,-1,8.7014,-5.23727,-4.01034,5.67375,0.77894,-2.4881,11,-1,82.9353,-14.57,38.8958,-71.785,-1.31508,1.92921,-11,1,42.7591,18.2559,-33.7446,-18.8776,-0.474076,-1.07489
166512,514582996,-11,1,31.1959,23.8235,-17.1545,10.5523,0.352123,-0.624068,11,-1,43.4684,-13.9415,16.5994,-37.6775,-1.31998,2.26939,-11,1,18.4218,-12.9066,1.02201,-13.1048,-0.889967,3.06257,11,-1,17.0775,-11.9525,0.91899,-12.1629,-0.891665,3.06486
171178,761658910,-13,1,48.2529,5.85507,-11.3606,46.5295,2.00365,-1.09492,13,-1,31.5557,3.73568,-7.49692,30.4235,2.00141,-1.10851,-11,1,121.649,15.552,-29.4082,117.012,1.97048,-1.08435,11,-1,49.3522,-14.1155,25.7518,39.664,1.10896,2.07221
172791,1167014136,-13,1,33.1864,12.5658,7.32747,29.8284,1.46604,0.52792,13,-1,16.1079,6.19784,3.67616,14.4057,1.44324,0.535357,11,-1,157.033,-38.6654,-21.2262,150.711,1.94262,-2.63954,-11,1,38.1245,21.1514,2.84749,31.591,1.18374,0.13382
173243,16706390,11,-1,352.097,-58.3284,-8.93069,347.117,2.47228,-2.98966,-11,1,124.22,55.8882,-7.34743,110.694,1.4273,-0.130717,-11,1,169.383,23.0043,33.2087,164.495,2.11199,0.964974,11,-1,28.8255,7.33931,-25.1182,-12.0881,-0.446908,-1.28652
172791,974196305,-13,1,25.1673,10.3742,5.61673,-22.2308,-1.39072,0.496228,13,-1,14.745,6.64459,7.55698,-10.7771,-0.930691,0.849556,11,-1,38.4331,-18.648,-28.9109,-17.1324,-0.47941,-2.14366,-11,1,57.4332,12.2261,22.5715,-51.3773,-1.44428,1.07438
171106,141954801,11,-1,49.6757,-8.9885,44.2435,-20.7218,-0.444228,1.77123,11,-1,68.4708,41.2204,-0.639024,-54.6692,-1.09427,-0.0155014,-11,1,42.6373,-0.600474,-39.7627,15.3787,0.377676,-1.5859,-11,1,36.5299,-36.4078,0.928434,-2.83553,-0.0777787,3.1161
171178,947228860,-13,1,10.9927,8.87914,-5.38145,-3.60945,-0.340996,-0.544876,13,-1,11.5153,9.69708,-2.11433,-5.83847,-0.558736,-0.214678,-11,1,25.4244,-22.3705,2.24093,-11.8719,-0.50616,3.04175,11,-1,46.3308,12.5607,-7.73154,43.9203,1.81138,-0.551762
167674,302005714,13,-1,81.1736,-48.9389,-60.1463,24.0116,0.304917,-2.25381,-13,1,59.2273,-35.7104,-43.7397,17.8738,0.311481,-2.25548,-13,1,57.6302,16.6271,37.7176,-40.2759,-0.865087,1.15559,13,-1,25.134,5.98477,16.9597,-17.5573,-0.864468,1.23156
167043,103626526,-13,1,83.1315,-29.1943,12.5772,76.8137,1.61573,2.73481,13,-1,24.4258,16.4486,-1.39696,18.0027,0.943979,-0.0847255,13,-1,10.5414,9.63836,-3.06107,2.9735,0.289954,-0.307517,-13,1,9.42615,9.0521,-1.83505,1.87965,0.202129,-0.20001
172635,238215970,13,-1,64.6508,-41.9968,-46.1215,16.9941,0.269178,-2.30942,-13,1,44.7686,-15.9365,35.1985,-22.6122,-0.556119,1.99595,13,-1,20.0054,13.7332,-12.7775,-6.9528,-0.362655,-0.749362,-11,1,39.3285,29.3061,26.0792,-2.78535,-0.0709415,0.727202
166763,353727228,13,-1,29.0651,16.8797,-4.45981,-23.2369,-1.09718,-0.258309,-13,1,14.063,-12.4602,6.22117,-1.94847,-0.139454,2.67852,13,-1,11.6989,-7.378,-7.23802,-5.47983,-0.508052,-2.36577,-13,1,13.7661,7.55866,-2.56451,-11.2153,-1.14094,-0.327094
167898,1690626261,13,-1,268.745,34.3055,-45.6907,-262.601,-2.22998,-0.92677,-13,1,44.8672,14.2969,27.263,-32.6402,-0.923368,1.08781,-11,1,241.474,4.09676,-54.4599,-235.217,-2.16658,-1.49571,-11,1,177.494,-22.3765,34.188,-172.727,-2.14842,2.15034
166380,1035478243,-13,1,18.591,-8.02618,13.4356,-10.0339,-0.603772,2.10929,13,-1,17.0311,-7.07065,11.2724,-10.6295,-0.73175,2.13102,11,-1,63.7336,44.0231,-16.9332,-42.8625,-0.815342,-0.367198,-11,1,26.183,-14.0988,11.7051,-18.7021,-0.895871,2.4487
170876,46520016,13,-1,43.2597,-22.5772,7.51886,36.1266,1.20479,2.82012,-13,1,29.5247,-13.0379,7.03834,25.5377,1.31273,2.64659,-11,1,70.9293,28.057,-19.6657,62.1049,1.35655,-0.611344,11,-1,20.6453,-3.71542,7.91204,18.7036,1.50444,2.00982
167830,22538431,-13,1,40.3784,19.0826,-7.20912,-34.8466,-1.305,-0.36121,13,-1,39.5333,14.7431,-6.4741,-36.1054,-1.54703,-0.413777,11,-1,63.7905,-33.7952,23.7732,-48.5999,-1.00065,2.52855,-11,1,27.8048,6.92042,-8.86821,-25.4277,-1.5544,-0.908144
172163,558816377,13,-1,57.9211,-25.0067,-14.6717,-50.1422,-1.31566,-2.611,-13,1,12.4665,-7.6154,-3.90136,-9.0657,-0.922828,-2.66815,11,-1,21.8798,15.4927,3.80353,-14.9745,-0.83734,0.240743,-11,1,9.88171,6.95405,1.85684,-6.77064,-0.838793,0.260929
172868,1679112995,13,-1,46.4514,-20.7469,-14.1725,39.0695,1.22488,-2.54229,-13,1,15.6523,-6.95408,-4.90035,13.1381,1.21911,-2.52774,11,-1,157.079,32.6744,20.7019,152.242,2.07904,0.564747,-11,1,13.3883,-7.12517,-5.8998,9.67838,0.913689,-2.45
171369,160966858,13,-1,67.3001,64.5811,11.0748,15.36,0.232323,0.169834,-13,1,129.302,-60.9269,19.9339,112.293,1.32674,2.82539,-13,1,78.5007,3.41339,-16.7174,76.624,2.20736,-1.36938,13,-1,17.4511,2.15662,-12.0571,-12.4301,-0.891821,-1.3938
172208,66033190,-13,1,174.111,-15.7077,76.4265,155.65,1.44135,1.7735,-13,1,77.9052,20.829,-55.4564,-50.596,-0.774357,-1.21151,13,-1,43.4982,-43.1316,2.11612,5.22236,0.120641,3.09257,13,-1,42.6767,6.75996,42.0596,2.5659,0.060197,1.41144
170722,242943688,-13,1,78.411,-18.9002,44.2342,61.9225,1.07068,1.97459,13,-1,34.9101,12.4486,-12.5848,30.0892,1.30073,-0.790839,-13,1,31.7506,11.4247,-10.5112,27.6962,1.34266,-0.743781,13,-1,23.6665,9.15287,-7.93835,20.3297,1.28959,-0.714456
171446,173341393,-13,1,77.5738,49.3467,5.50426,59.6012,1.0162,0.111084,13,-1,61.7882,1.11387,28.485,-54.819,-1.40867,1.53171,-11,1,127.027,-30.1444,24.2998,-120.982,-1.85713,2.46314,11,-1,24.8753,24.1296,-6.00187,-0.720384,-0.028968,-0.243788
166380,465461323,13,-1,61.0584,22.4796,13.3922,-55.1673,-1.49105,0.537288,-13,1,26.9959,10.2363,5.55398,-24.3544,-1.4837,0.497124,11,-1,46.1516,-16.1974,-29.4491,-31.6286,-0.839075,-2.07365,-11,1,12.8737,-3.89238,-7.25527,-9.89662,-1.01725,-2.06321
172802,107360878,13,-1,355.588,30.3283,-90.6312,-342.504,-1.98848,-1.24788,-13,1,117.389,-38.4107,66.9903,88.4145,0.980251,2.09141,13,-1,44.7248,24.2229,37.5971,0.0483876,0.0010819,0.998455,-13,1,15.0525,-13.8183,3.22485,-5.02211,-0.346927,2.91232
167282,296099920,-13,1,127.018,65.8406,-18.4553,-107.042,-1.23052,-0.273289,13,-1,58.8732,-11.9916,30.8456,-48.6909,-1.17872,1.94158,-11,1,23.7496,-8.31553,7.96572,20.7712,1.35229,2.37768,11,-1,18.9574,-5.82032,8.93223,15.6755,1.17819,2.1483
170759,444863394,13,-1,30.6024,17.9826,12.6092,21.3103,0.86021,0.611524,-13,1,9.41519,7.76396,-3.2057,4.25194,0.48675,-0.391574,-13,1,10.5161,2.24097,-7.51838,7.00212,0.803304,-1.28112,13,-1,6.17984,5.03573,-2.63446,2.42492,0.414692,-0.481998
166408,917379387,13,-1,217.88,-52.3861,-44.7491,-206.7,-1.81849,-2.43466,-13,1,166.384,29.3645,31.1233,-160.788,-2.0342,0.814466,11,-1,52.1652,30.5705,41.8175,-6.16037,-0.118647,0.939536,-11,1,49.4396,-32.5934,-12.721,-34.9303,-0.880209,-2.76948
167898,456031779,13,-1,109.878,38.8717,6.36093,-102.575,-1.68524,0.162202,-13,1,21.3647,-5.70086,-15.6526,-13.3766,-0.734999,-1.92007,-13,1,16.8317,-15.2418,4.27179,5.72147,0.354011,2.86834,13,-1,7.96506,-2.0655,-5.93152,-4.89713,-0.716731,-1.90589
166864,488585993,-13,1,183.403,12.9934,30.4459,-180.391,-2.39698,1.16743,13,-1,30.8211,-19.1535,-1.21707,-24.1162,-1.05169,-3.07814,13,-1,19.388,-12.381,-8.16057,-12.4899,-0.765356,-2.55883,-13,1,15.3828,-6.54028,-3.40215,-13.5007,-1.36554,-2.66193
172822,-1740574263,13,-1,66.5574,-8.34719,59.2037,-29.2424,-0.471434,1.71086,-13,1,35.5126,0.226785,-34.4643,-8.56148,-0.245925,-1.56422,13,-1,15.4778,4.0629,-3.92908,-14.4085,-1.66538,-0.768655,-13,1,11.5995,-4.56967,-3.26626,10.1482,1.35369,-2.52102
166950,565338882,13,-1,36.3871,-12.3337,-32.606,10.4277,0.294833,-1.93243,-13,1,46.1397,13.0558,28.7888,33.6097,0.925387,1.14503,-13,1,26.8706,-10.7734,4.77219,24.1491,1.46555,2.72461,13,-1,14.089,-5.42503,2.54515,12.7507,1.49938,2.70293
167041,551725164,-13,1,182.627,51.6655,56.103,165.939,1.51957,0.826551,13,-1,56.1121,-27.6293,-8.07325,48.1663,1.28722,-2.85731,-11,1,44.4682,-5.47007,-20.0631,39.3061,1.39339,-1.83697,11,-1,32.9992,-6.00252,-17.5252,27.3091,1.18037,-1.90078
166960,146121903,-13,1,26.527,-4.58636,-8.87737,-24.5729,-1.63198,-2.04766,11,-1,56.3004,47.1155,-30.1996,-6.15188,-0.109707,-0.570001,-11,1,26.5112,-11.8265,10.2071,21.4195,1.12107,2.42956,11,-1,21.7494,-9.14157,10.155,16.9217,1.04036,2.30372
167898,1630441711,13,-1,71.7483,16.4491,-18.4537,-67.355,-1.72758,-0.842771,-13,1,22.9804,4.98359,-8.85037,-20.6137,-1.45675,-1.05796,11,-1,28.9275,-25.0967,9.91586,-10.4225,-0.377229,2.76531,-11,1,25.3909,6.49994,17.8861,-16.8088,-0.79637,1.22223
166859,71964992,13,-1,63.8967,36.6738,-25.5182,-45.6797,-0.897134,-0.607911,-13,1,31.7638,-22.4142,19.4462,-11.3304,-0.373109,2.42698,-13,1,19.8499,11.4193,-7.95444,-14.154,-0.893383,-0.608427,13,-1,9.83058,3.22133,4.70696,-8.00604,-1.1401,0.970634
163334,286336207,-13,1,50.4618,43.9348,20.2387,-14.3703,-0.292873,0.431677,13,-1,50.4224,-38.4343,-24.9245,-21.071,-0.445133,-2.56627,-11,1,56.1417,-17.1982,-26.2035,-46.5778,-1.187,-2.15161,11,-1,30.1759,17.8132,22.5284,-9.25975,-0.317075,0.901751
171880,233257338,-13,1,39.4191,-28.5744,-2.05814,-27.0763,-0.842033,-3.06969,13,-1,24.0681,-12.153,-3.52275,-20.4733,-1.2585,-2.85946,11,-1,65.1374,28.5301,-6.7341,58.1684,1.4366,-0.231793,11,-1,28.3496,13.8746,-0.956938,24.7038,1.33886,-0.0688612
167281,480301165,-13,1,84.5422,52.1843,-45.908,-48.1312,-0.646511,-0.721502,-13,1,64.371,9.81096,63.6138,0.80395,0.01249,1.41778,13,-1,98.0444,-32.2898,-42.7427,-82.1165,-1.21289,-2.21777,13,-1,27.1162,6.14548,3.42665,-26.1872,-2.02492,0.508651
172635,382480189,13,-1,24.1101,11.0914,21.0703,-3.78234,-0.158186,1.08625,-13,1,13.9584,6.29846,12.2025,-2.50114,-0.181146,1.0943,13,-1,14.7047,7.72492,-6.65117,10.5974,0.909095,-0.710847,-13,1,13.7973,6.66189,-6.62262,10.1051,0.933933,-0.782442
163659,60370358,13,-1,65.8569,-16.218,-63.7091,3.90372,0.0593454,-1.82007,13,-1,5.78628,-1.21474,-5.52697,1.20285,0.21099,-1.78714,-13,1,7.79015,-0.831193,-5.15933,5.77631,0.95393,-1.73053,-11,1,80.4024,26.6246,69.57,30.2603,0.395813,1.20529
172992,1153485608,13,-1,30.045,25.2616,-11.3364,11.663,0.409664,-0.421824,-13,1,47.0828,-14.3106,16.626,-41.6601,-1.39758,2.28149,13,-1,10.0443,-2.82738,9.43,1.9892,0.200707,1.8621,-13,1,9.47518,2.45958,-6.59972,6.33736,0.808712,-1.21406
166380,604921759,13,-1,53.9402,-4.01042,15.9635,-51.3675,-1.85598,1.81693,-13,1,36.837,-1.43919,10.6582,-35.2318,-1.90225,1.70502,13,-1,21.2532,-3.84875,-3.75304,-20.5618,-2.05136,-2.36878,11,-1,39.4656,-7.60151,-8.97143,-37.6731,-1.881,-2.27372
172868,-2144117388,-13,1,45.7145,-21.5756,37.4033,15.0099,0.340966,2.09401,13,-1,28.3193,17.0776,-22.4742,2.2892,0.0810126,-0.921005,11,-1,8.51609,5.9454,-5.83649,-1.76393,-0.21017,-0.776154,-11,1,7.94553,5.626,-5.36437,-1.64414,-0.209958,-0.761597
173657,34442568,13,-1,35.9978,32.7631,-4.41922,-14.2436,-0.418519,-0.134075,-13,1,29.0804,-19.3105,-5.31425,21.0837,0.918146,-2.87304,13,-1,17.3154,-10.8701,-3.64596,12.9753,0.971505,-2.81797,-13,1,11.4939,-1.20978,11.3565,1.29029,0.112739,1.67692
172401,3729470,-13,1,48.5643,-40.5716,-22.7848,-13.9024,-0.294497,-2.62989,13,-1,79.4437,30.9827,-0.575343,-73.1508,-1.59418,-0.0185677,-11,1,79.8732,45.8974,11.8758,-64.2816,-1.11208,0.253193,11,-1,40.0327,-36.8614,-10.6502,-11.4204,-0.293418,-2.86033
171578,250857964,-13,1,32.9345,-22.98,8.35448,-22.0634,-0.810599,2.79289,-13,1,27.4751,22.6404,-3.55726,15.1534,0.620588,-0.155845,13,-1,9.02965,-6.24258,2.28633,-6.10953,-0.822916,2.79052,13,-1,29.4841,0.181448,6.62993,-28.7283,-2.17213,1.54344
172802,375002589,-13,1,25.2633,-8.72442,17.1644,16.3552,0.770799,2.04105,13,-1,18.2126,-5.68963,12.7354,11.7101,0.763228,1.99095,11,-1,49.588,33.1954,-31.7291,-18.7162,-0.397065,-0.762818,-11,1,22.4142,-8.20998,14.1233,15.3467,0.837888,2.09736
170842,134699321,13,-1,13.3493,-12.5272,4.3439,1.54634,0.116363,2.80781,-13,1,8.49333,-5.13211,6.75601,-0.378472,-0.0445941,2.22044,11,-1,66.8442,1.24985,54.3716,-38.8627,-0.664563,1.54781,-11,1,66.7257,0.0976289,-41.3545,-52.3652,-1.0577,-1.56844
172822,84951748,-13,1,182.512,12.2647,60.379,171.798,1.74931,1.37039,13,-1,290.409,-31.5602,-46.6307,284.898,2.32409,-2.16579,-11,1,107.115,4.52764,25.2425,-103.999,-2.10803,1.39332,-11,1,36.5012,-7.93039,-21.0765,-28.7268,-1.06352,-1.93068
171050,380173437,13,-1,18.3673,16.9817,-0.992905,-6.92699,-0.396726,-0.0584028,-13,1,14.3465,13.2381,-0.780585,-5.47314,-0.401821,-0.0588968,-11,1,46.5992,-46.4918,1.33274,-2.86694,-0.0616013,3.11293,11,-1,12.6821,12.0595,-1.02542,-3.78848,-0.30812,-0.0848258
172868,250290931,13,-1,161.009,18.6753,41.3049,154.496,1.94019,1.14617,-13,1,23.692,-6.21701,-18.4969,13.4355,0.64323,-1.89504,13,-1,11.1828,-2.4249,-7.22193,8.18583,0.933094,-1.89474,-13,1,7.9995,-3.13224,-4.48309,5.83711,0.928188,-2.18063
172802,298561359,13,-1,115.866,6.16548,62.8342,97.1529,1.21609,1.47299,-13,1,66.1604,0.232662,-57.143,33.3438,0.554634,-1.56672,-13,1,11.7022,-4.81693,-5.37418,-9.21115,-1.06393,-2.30157,13,-1,8.27899,-4.98099,-1.97825,-6.30927,-1.00131,-2.76354
172868,933807102,13,-1,165.08,-72.4362,-36.8636,-143.685,-1.33472,-2.67084,-13,1,52.6736,-35.0749,32.778,-21.6761,-0.437438,2.39003,-11,1,102.449,87.3719,52.3065,-11.2265,-0.110022,0.539437,11,-1,52.9591,34.6148,-32.7692,-23.0794,-0.46703,-0.758016
173198,326473222,-13,1,53.5163,-2.97962,48.3384,-22.7706,-0.454377,1.63236,13,-1,18.4963,12.4727,3.00706,-13.3225,-0.908253,0.236576,-11,1,17.5491,12.9722,-8.24246,-8.47082,-0.526488,-0.566037,11,-1,12.267,6.99859,-8.00282,-6.12005,-0.547843,-0.852241
173198,351795397,-13,1,184.317,54.5254,12.0361,-175.655,-1.86357,0.217259,13,-1,10.6742,3.42517,-9.42637,3.65234,0.356561,-1.22227,-13,1,6.21224,4.08357,2.92354,3.65488,0.675246,0.621336,11,-1,16.0586,-5.66378,-10.2403,10.9972,0.838126,-2.07601
167551,457216910,-13,1,17.6906,9.9397,8.76886,11.7156,0.796832,0.722896,13,-1,12.458,-11.3081,-3.91688,3.46068,0.285294,-2.80815,-13,1,7.24833,-5.98098,-3.88827,1.27916,0.178364,-2.56514,11,-1,45.9724,28.2609,21.0217,29.5444,0.762683,0.639551
171578,394814091,-13,1,104.203,-33.3488,41.667,89.4985,1.28908,2.24576,13,-1,74.2014,14.5544,-37.5659,62.3122,1.2204,-1.20117,-13,1,24.6235,8.22612,-1.4621,-23.1625,-1.74386,-0.175902,13,-1,16.133,7.03718,0.0328245,-14.5169,-1.4714,0.0046644
163071,11989798,13,-1,51.3027,12.1135,45.3808,20.635,0.426295,1.30995,-13,1,29.5797,0.930722,-17.3083,23.9688,1.12796,-1.51707,-13,1,17.4856,8.17879,-15.1028,3.27824,0.18973,-1.07447,13,-1,10.5101,5.33128,-8.83475,1.99378,0.192038,-1.02785
166049,369756834,13,-1,10.9477,-1.59893,-6.15116,-8.91339,-1.13941,-1.82511,-13,1,9.13187,1.61668,5.41239,-7.17441,-1.06009,1.28053,-13,1,9.29951,-1.80019,-5.01214,-7.62283,-1.15607,-1.91561,-11,1,16.7563,0.319366,-15.4997,-6.35852,-0.39944,-1.55019
166049,402820257,13,-1,98.8856,37.6771,-33.4774,-85.0767,-1.29471,-0.726443,-13,1,79.2164,-16.5739,44.6584,-63.2942,-1.09585,1.92617,13,-1,24.4075,6.74764,-2.8051,23.2877,1.87593,-0.39398,-11,1,16.9372,-7.66469,-12.7379,-8.11594,-0.521917,-2.11248
166512,337493970,13,-1,52.9826,-49.917,8.17082,15.7696,0.306925,2.97934,13,-1,72.1018,15.3284,21.3547,-67.1392,-1.66715,0.948222,-13,1,89.7552,10.3467,-20.2724,86.8214,2.04874,-1.09888,-13,1,30.2162,2.32913,-13.0684,27.144,1.46351,-1.39442
163583,2644519,-13,1,30.2788,-3.36997,-26.8919,13.5005,0.479542,-1.69546,13,-1,9.7174,-2.08481,-8.22985,4.72651,0.531367,-1.8189,11,-1,37.52,-7.56763,36.7245,-1.33748,-0.0356623,1.77402,-11,1,14.2692,1.82762,-11.5235,8.21447,0.655977,-1.41351
163738,54799996,-13,1,22.7598,-13.6828,-18.1659,-0.882594,-0.0387985,-2.21635,13,-1,8.5048,-4.90763,-6.92493,-0.53007,-0.0624117,-2.18733,-11,1,106.608,36.157,42.9909,-90.6075,-1.25584,0.871528,11,-1,19.2774,-13.3795,-13.7034,-2.19608,-0.114417,-2.34424
163237,41158481,-13,1,34.9352,-3.79754,-21.4673,-27.2982,-1.04895,-1.74588,13,-1,13.2384,5.95324,10.8178,4.77278,0.377502,1.06771,11,-1,23.1604,10.6964,18.8777,8.10096,0.365189,1.05528,-11,1,19.0242,-1.99355,-11.4848,-15.0347,-1.07222,-1.74266
163630,76107248,-13,1,133.391,30.3085,10.2643,129.496,2.10601,0.326538,13,-1,139.889,-22.6453,-19.0103,136.729,2.23598,-2.44324,-13,1,7.89447,-6.97875,3.6592,0.467711,0.0593201,2.65867,13,-1,5.61689,-4.37927,3.22923,1.3901,0.252779,2.50621
170899,11624501,-13,1,27.2482,-12.7566,9.25624,-22.2272,-1.14393,2.51389,13,-1,10.9382,-8.18394,-1.08707,-7.17455,-0.785669,-3.00954,13,-1,9.42518,3.69624,-6.76101,5.42673,0.656165,-1.07049,-13,1,11.3905,-2.16864,5.19091,-9.90375,-1.33107,1.96653
166950,17951487,-13,1,32.2467,8.92437,-19.1859,-24.333,-0.983538,-1.13541,13,-1,25.4294,3.59539,-20.1613,-15.0745,-0.681974,-1.39432,-13,1,12.6596,3.3433,-9.40524,-7.78574,-0.71697,-1.22925,13,-1,11.722,2.23627,-8.12324,-8.14906,-0.857988,-1.30216
172868,561993293,-13,1,19.5603,15.8161,5.57187,10.0697,0.569252,0.338714,13,-1,20.8412,14.81,1.77959,14.5548,0.864123,0.119588,-13,1,11.906,10.6449,3.64928,3.88725,0.338914,0.330264,13,-1,5.67769,4.71637,2.22848,2.23936,0.417097,0.441406
166554,395098004,13,-1,56.9386,-48.8868,-28.2899,7.19422,0.12703,-2.61699,-13,1,15.0973,13.6421,3.01871,5.71822,0.398618,0.217769,11,-1,13.6666,9.92125,-5.87347,-7.33812,-0.599842,-0.534523,-11,1,12.2028,-4.64496,7.93832,-8.01976,-0.787877,2.10021
166408,461057887,-13,1,45.3573,-31.9181,30.7093,-9.77014,-0.218832,2.37549,13,-1,19.5473,-13.297,14.1542,2.22122,0.114128,2.32498,-13,1,19.7756,-5.01908,-9.21153,-16.7636,-1.24794,-2.06969,13,-1,51.2981,8.49428,-4.76768,50.3646,2.34533,-0.511463
173198,1053695987,13,-1,68.2038,-6.6043,-61.8819,-27.9062,-0.434601,-1.67712,-11,1,239.499,-28.9089,75.9654,-225.285,-1.74367,1.93443,-11,1,100.214,-44.5913,63.1655,63.7545,0.751733,2.1855,11,-1,142.532,45.2938,8.93003,-134.848,-1.79315,0.194661
166950,1491724484,13,-1,33.7468,16.8681,-29.1201,2.51404,0.0746358,-1.04577,-13,1,107.174,-13.6052,15.0956,105.229,2.34679,2.30431,11,-1,65.4968,34.8201,34.7149,43.2698,0.793947,0.783884,-11,1,48.2976,-43.1704,-9.65137,19.3863,0.425307,-2.92164
170826,195122618,-13,1,61.7211,-21.4466,13.0493,-56.3847,-1.54853,2.59498,13,-1,11.1673,8.63831,-5.19821,4.80173,0.459895,-0.541714,13,-1,11.7995,3.94432,5.63546,-9.58648,-1.13429,0.96013,-13,1,27.9427,-1.90913,4.80897,-27.4593,-2.37095,1.94871
163630,27849485,-13,1,209.833,-48.2171,2.4549,204.204,2.14895,3.09072,-13,1,48.5384,18.8843,5.74042,44.3441,1.54881,0.295102,13,-1,62.7547,17.818,4.85475,59.9758,1.89398,0.266006,13,-1,21.1174,8.60833,3.12228,19.0284,1.47799,0.347948
165472,636444082,-13,1,68.6725,-12.6128,13.3835,-66.1642,-1.99225,2.32656,13,-1,34.0924,-7.57706,4.95578,-32.868,-2.00091,2.56238,-11,1,39.1262,-7.24113,5.70589,-38.0245,-2.12449,2.47422,11,-1,40.55,-5.98406,4.07761,-39.8982,-2.40782,2.54345
167913,212158818,13,-1,36.5948,35.3493,6.46228,6.91631,0.191298,0.180815,-13,1,39.9722,-33.8997,-8.51003,19.3947,0.529773,-2.89564,-11,1,10.941,10.6569,2.00413,1.45594,0.133865,0.185888,11,-1,10.3704,10.3283,0.755683,0.547509,0.0528445,0.0730359
171812,312243448,-13,1,35.0884,12.6725,-3.46305,-32.5362,-1.63853,-0.26676,13,-1,22.0646,8.53992,-2.63961,-20.1727,-1.55292,-0.299776,11,-1,44.6937,5.36204,-43.0235,-10.8516,-0.247747,-1.44681,-11,1,94.2481,33.6313,-11.755,-87.2551,-1.62819,-0.336254
166408,63163165,13,-1,106.435,19.6118,39.5116,96.864,1.52797,1.11007,-13,1,21.3022,1.30165,-17.8158,-11.605,-0.610935,-1.49786,-11,1,27.5176,-13.604,-9.58435,21.9155,1.08874,-2.52784,11,-1,13.4613,-5.99207,-9.44762,7.4862,0.627212,-2.13601
166563,288278037,-13,1,45.8344,-41.9595,16.5355,8.17085,0.180195,2.7662,13,-1,21.32,15.7479,-9.4906,-10.7918,-0.557593,-0.542371,-13,1,19.4423,15.7816,-8.97981,-6.94967,-0.373966,-0.517318,13,-1,7.72301,6.22683,-3.72448,-2.64359,-0.356732,-0.539046
172400,639888311,13,-1,74.3339,-32.0062,-25.0781,62.2271,1.2115,-2.47697,-13,1,131.217,35.3612,15.6407,125.391,1.89259,0.416442,11,-1,26.4925,10.0943,-11.574,-21.587,-1.14125,-0.853581,11,-1,52.8176,13.0472,6.56083,50.7585,1.95902,0.465928
171484,355169117,-13,1,124.187,-37.2108,-2.05228,-118.463,-1.8735,-3.0865,-13,1,19.8761,17.2037,-3.88838,-9.16293,-0.498593,-0.222285,13,-1,38.1945,3.08672,9.01519,-36.9865,-2.06556,1.24092,13,-1,9.12522,7.57813,-3.41916,-3.76029,-0.438143,-0.423841
172014,148597565,13,-1,19.1718,18.8254,-2.69936,-2.42199,-0.127011,-0.142419,-13,1,8.70174,8.53322,-1.42311,-0.931679,-0.107488,-0.165252,11,-1,49.4584,-43.5103,10.5374,-21.0226,-0.453847,2.90399,-11,1,17.2818,13.7158,-8.48901,-6.20267,-0.375639,-0.554218
166512,101360111,-13,1,256.495,-87.9126,168.899,171.855,0.810767,2.05071,13,-1,372.087,-82.4568,122.767,341.435,1.57376,2.16224,13,-1,104.457,-11.8143,37.2955,96.8536,1.63816,1.87757,11,-1,36.6495,-3.47429,13.3793,33.9427,1.63059,1.82486
166429,47761946,-13,1,20.3221,-10.7546,-15.1764,-8.18487,-0.426941,-2.1873,13,-1,11.9071,-6.68347,-8.75134,-4.52924,-0.400522,-2.22301,-11,1,51.3863,42.8843,28.0061,4.14055,0.0807521,0.578525,11,-1,10.4244,-9.61128,0.375158,-4.01889,-0.406534,3.10258
166839,217614392,-13,1,30.3923,-5.16201,-29.8648,2.26542,0.0746782,-1.74195,-13,1,24.3831,-6.63812,19.8203,-12.5544,-0.569359,1.89397,13,-1,32.4839,-7.77616,-9.49635,-30.0756,-1.62864,-2.25693,13,-1,13.0006,-2.71235,10.3615,-7.36787,-0.642727,1.82682
171091,69105221,13,-1,165.975,-12.628,-30.2289,162.71,2.30588,-1.96651,-13,1,68.1611,6.93837,22.8576,63.8382,1.70944,1.27609,-13,1,19.5056,4.71517,8.50412,16.9087,1.32037,1.06454,13,-1,24.8387,-8.09683,3.05681,23.2819,1.71561,2.7806
171282,51580196,13,-1,188.455,-36.4886,69.7833,-171.213,-1.51894,2.05258,-13,1,193.037,42.2445,-46.0116,-182.651,-1.79418,-0.828057,13,-1,64.5991,-48.1084,-27.6916,-33.0422,-0.564754,-2.6193,-13,1,68.193,43.4004,-26.649,-45.3487,-0.801736,-0.550669
171446,192131800,13,-1,118.586,27.3988,18.0634,-113.954,-1.9581,0.582869,-13,1,22.9162,-21.78,-1.64074,-6.93405,-0.312364,-3.0664,-11,1,21.5903,-4.15021,-9.93535,-18.7138,-1.31994,-1.96649,11,-1,9.04603,-5.57658,-6.11856,-3.64633,-0.427328,-2.30989
167675,419708218,13,-1,124.707,-9.25356,36.1945,-118.98,-1.87532,1.8211,-13,1,30.3017,6.92327,-20.3451,-21.3619,-0.877127,-1.2428,13,-1,18.9642,4.39139,-13.014,-13.076,-0.847038,-1.24536,-13,1,8.98394,2.06609,-6.39891,-5.95695,-0.798349,-1.25848
167282,44166176,-13,1,54.3881,-27.4999,-43.8652,-16.6628,-0.316533,-2.13077,13,-1,39.8417,31.5353,18.8533,15.4088,0.407975,0.538835,-13,1,20.3208,3.30081,16.0125,12.0677,0.683619,1.3675,13,-1,6.83735,4.64276,-2.38618,4.41465,0.767963,-0.474752
166922,112725318,13,-1,32.1241,-16.5619,-6.78284,26.6767,1.18952,-2.75288,-13,1,34.5865,0.91502,-13.2461,31.9361,1.61146,-1.50183,11,-1,26.9831,-24.6867,2.0513,-10.6979,-0.419451,3.05869,-11,1,31.0754,14.0512,11.7335,25.1112,1.12144,0.695753
166554,561127265,-13,1,77.2466,38.2073,-0.959494,67.1291,1.32908,-0.0251075,13,-1,30.4737,-23.9794,18.2976,4.33892,0.143357,2.48979,-13,1,19.7765,-0.525241,8.04013,18.0604,1.5467,1.63603,13,-1,12.0177,0.262795,7.66552,9.25115,1.0199,1.53653
166784,50819116,13,-1,14.6535,-11.035,-5.43748,-7.96099,-0.60882,-2.68376,-13,1,11.3013,-0.239013,-8.08179,-7.89524,-0.864652,-1.60036,11,-1,74.1995,1.89555,-20.386,71.3189,1.96115,-1.47808,11,-1,11.6586,-6.3608,-6.05919,7.66487,0.788294,-2.38047
172952,559839432,13,-1,110.26,-69.151,68.8363,-51.3524,-0.504613,2.35847,13,-1,88.3199,85.944,-16.8197,-11.451,-0.130388,-0.193263,-13,1,45.0987,-19.9828,-29.1408,-28.0247,-0.727298,-2.17188,-13,1,9.79377,3.02072,8.34856,-4.13324,-0.450186,1.22363
173692,-1572852967,13,-1,29.8935,-15.0814,-24.6878,-7.52831,-0.257376,-2.11918,-13,1,97.6274,19.983,5.70277,95.3901,2.22875,0.277992,-11,1,51.572,-41.9751,-21.0973,21.276,0.438679,-2.67586,11,-1,75.7442,21.6475,38.7022,61.406,1.12908,1.06081
167102,239774232,-13,1,40.6682,-39.1959,6.14867,-8.93121,-0.223249,2.98599,13,-1,24.6305,16.3104,8.35543,16.4563,0.80736,0.47342,13,-1,13.3867,7.891,3.67793,10.1684,0.995307,0.436155,-13,1,9.8765,5.68655,2.90488,7.53385,1.003,0.472276
167807,483757108,13,-1,118.513,-46.8713,13.2688,108.038,1.53702,2.86572,-13,1,68.121,32.1459,7.0354,59.6457,1.35653,0.215461,13,-1,15.0031,6.56614,1.85094,13.362,1.42499,0.274762,-13,1,12.286,5.75904,1.94045,10.6772,1.32934,0.324993
167807,519444145,-13,1,208.984,16.6797,-37.917,204.837,2.30158,-1.15637,13,-1,42.695,-6.57415,20.7969,36.7032,1.29205,1.87697,-13,1,33.2737,-5.1994,10.1213,31.2675,1.73556,2.04535,13,-1,21.2051,-3.66684,6.64343,19.8007,1.68711,2.07514
165633,394010457,-13,1,78.7781,35.8377,42.7459,-55.6276,-0.879425,0.873082,13,-1,52.6351,-33.9963,39.2427,8.64342,0.165715,2.28468,-11,1,83.3579,-47.1287,-62.1287,-29.4526,-0.369241,-2.21976,11,-1,58.3598,35.0452,-14.0502,-44.5005,-1.00221,-0.381297
173692,632619307,13,-1,34.1659,-23.2307,-9.49851,-23.1821,-0.826363,-2.75346,-13,1,17.792,-13.2807,-3.24049,-11.3871,-0.758218,-2.90227,11,-1,14.9047,-9.86933,-4.9091,-10.0324,-0.816388,-2.68002,-11,1,11.9336,-7.16068,-2.53937,-9.20254,-1.02315,-2.8008
163337,234246620,-13,1,43.185,36.8389,-20.5903,9.1582,0.215337,-0.509672,13,-1,27.8852,-15.862,19.4896,-12.0883,-0.464206,2.25394,-13,1,11.6324,-7.62381,6.28068,-6.14256,-0.587479,2.45249,13,-1,6.38336,-4.22388,3.29801,-3.46673,-0.60863,2.47867
173692,144511689,-13,1,44.8441,34.4034,18.0759,22.3752,0.547916,0.483768,13,-1,24.0686,-3.04763,-21.8105,-9.71098,-0.427792,-1.70963,-11,1,19.7958,-10.5831,3.69095,16.3171,1.16999,2.80603,11,-1,12.5483,-6.72942,2.25059,10.3494,1.17153,2.81885
165970,275108397,13,-1,87.1034,-12.3418,49.1408,70.851,1.13703,1.81686,-13,1,90.3821,28.1067,-31.9461,79.7395,1.38582,-0.849245,-11,1,17.5272,-9.64935,-14.6291,-0.291034,-0.0166062,-2.15389,11,-1,9.12118,4.97206,-6.48746,-4.04813,-0.476974,-0.916874
165633,237372786,-13,1,90.1562,-26.9366,-32.9865,-79.4634,-1.382,-2.25557,13,-1,30.6024,19.0208,19.6684,-13.7063,-0.48205,0.802136,-13,1,19.9491,6.05439,11.9333,-14.7951,-0.954149,1.10128,13,-1,11.73,3.52617,6.94398,-8.77093,-0.967865,1.10093
173692,-990150926,13,-1,57.0249,-26.4501,-49.8978,7.9014,0.139458,-2.05822,-13,1,20.7402,-14.8373,6.92297,12.7307,0.715035,2.70503,11,-1,14.8877,12.7726,-0.67899,-7.61863,-0.565083,-0.0531098,-11,1,10.0602,8.4393,-0.348807,-5.46485,-0.608703,-0.0413078
171921,109809745,-13,1,90.5866,-6.2189,-55.5979,71.247,1.06221,-1.68219,13,-1,50.7188,20.305,16.8222,43.3255,1.27161,0.691865,-13,1,31.0038,-15.7711,-17.042,20.5443,0.797508,-2.31748,-11,1,18.1233,10.2156,-8.03703,-12.6295,-0.861175,-0.666605
172819,298086610,-13,1,53.1642,17.4985,37.2454,33.6601,0.746633,1.13159,13,-1,27.0532,-17.2815,-17.6328,11.0589,0.434154,-2.34613,13,-1,16.7781,5.8467,-11.9937,10.1716,0.702974,-1.11722,-13,1,22.3313,-3.82954,-8.39217,20.3367,1.53157,-1.9989
163817,155679852,13,-1,87.8379,32.6619,-35.0103,-73.6408,-1.21567,-0.820087,13,-1,27.1622,-18.6965,13.7248,14.1367,0.576967,2.50836,-13,1,25.1928,-14.3719,1.0851,20.6625,1.15737,3.06623,-13,1,17.1924,-6.65008,-3.15624,-15.5364,-1.49204,-2.69846
163334,184539698,13,-1,29.9209,-6.23101,-0.824133,-29.2531,-2.24227,-3.01009,-13,1,25.0477,-5.06836,-0.0749652,-24.5292,-2.28039,-3.1268,11,-1,21.601,20.7439,-4.78124,-3.66518,-0.171333,-0.226532,-11,1,86.8779,-17.0797,-2.55626,-85.1441,-2.29866,-2.99303
163340,218958268,-13,1,26.9257,22.9008,-1.25631,14.1052,0.581646,-0.0548037,13,-1,64.3576,-12.4915,0.109829,63.1335,2.32296,3.1328,11,-1,66.4218,-19.2252,6.90824,63.2023,1.8477,2.79663,-11,1,16.467,14.103,-0.51068,8.4857,0.569941,-0.036195
165970,328185026,-13,1,257.056,-44.7988,-47.9452,248.54,2.04189,-2.32228,13,-1,29.2003,17.9696,11.3137,20.0434,0.841149,0.561901,-11,1,31.5686,11.4819,17.0739,23.9421,0.992473,0.978778,11,-1,31.4276,10.8584,16.1955,24.6474,1.05634,0.980175
167807,664158387,13,-1,39.2844,21.4203,-31.8568,8.34074,0.215597,-0.97884,-13,1,29.4041,-0.745915,19.2908,22.1788,0.982812,1.60944,-13,1,18.8955,-9.29407,11.5874,11.6782,0.721846,2.24681,13,-1,9.73856,-4.55482,5.90627,6.26083,0.76315,2.22772
166438,862270386,-13,1,29.9073,23.9423,10.4693,14.5463,0.531313,0.412221,-13,1,75.9432,-11.9684,-19.7576,72.3447,1.85933,-2.11544,13,-1,88.5518,-15.8223,5.89078,-86.9273,-2.34119,2.78518,13,-1,17.5638,-5.11218,2.26363,16.6498,1.81147,2.72475
173430,143846055,13,-1,59.4525,-17.7998,23.7356,51.5207,1.31921,2.21425,-13,1,29.2954,21.8889,-8.75855,17.3888,0.683161,-0.380623,-13,1,19.0758,16.4987,-9.43338,1.63621,0.085987,-0.519399,13,-1,23.6546,13.6159,-3.53579,19.0168,1.10966,-0.25407
172952,1104073605,-13,1,85.9068,13.6383,-53.4902,-65.8237,-1.01112,-1.32115,13,-1,70.4253,-7.68914,38.1239,-58.7125,-1.2001,1.76981,-13,1,14.1348,-10.6306,6.18876,-6.96205,-0.539436,2.61439,13,-1,7.02312,-5.68004,2.09078,-3.56075,-0.558766,2.78889
165548,191917725,-13,1,86.2048,-36.5272,-4.47858,-77.9548,-1.49532,-3.01959,13,-1,16.8756,15.9528,-4.4121,-3.28909,-0.197431,-0.269828,13,-1,18.6767,11.7327,6.79114,-12.8465,-0.843857,0.524701,-13,1,7.18532,6.73814,-1.55642,-1.94749,-0.278015,-0.227005
173692,-1079499894,-13,1,151.343,23.4532,-17.9245,148.437,2.31803,-0.65257,13,-1,86.0057,-25.0182,1.24811,82.277,1.9048,3.09175,-11,1,11.8036,-10.3665,-0.816399,5.58509,0.514145,-3.063,11,-1,10.5467,-8.78873,-1.93699,5.49908,0.578262,-2.92467
172791,466741397,13,-1,70.1521,16.2147,-17.5705,65.952,1.73917,-0.825509,-13,1,41.6064,1.42163,20.7441,36.0381,1.31753,1.50237,-13,1,28.741,-14.3233,-3.242,24.7056,1.29181,-2.919,13,-1,15.4949,0.547973,8.57644,12.8928,1.19489,1.50699
173692,292842892,-13,1,47.5353,-16.3698,32.7288,-30.3389,-0.755199,2.03458,13,-1,18.198,11.2578,-13.1513,5.6093,0.318601,-0.862816,13,-1,11.5706,-11.1768,-1.1966,2.74149,0.241535,-3.03494,-13,1,11.8506,7.19354,-8.50725,4.03802,0.354948,-0.868876
172163,191231387,-13,1,175.289,-2.96003,-45.1287,169.354,2.03084,-1.63629,13,-1,147.786,22.706,16.7463,145.068,2.33987,0.635469,-13,1,24.5629,-2.69663,24.1532,-3.56053,-0.145985,1.68198,13,-1,20.4208,-16.2122,12.4085,-0.438977,-0.0215001,2.48832
172949,1188043146,13,-1,57.7394,-54.0647,7.237,-18.9331,-0.34048,3.00853,-13,1,37.984,32.342,-19.4447,4.32089,0.11425,-0.541315,-11,1,71.8983,67.0767,-20.2283,-16.1524,-0.228555,-0.292897,11,-1,39.9942,-23.7839,-0.486177,-32.15,-1.10945,-3.12115
166888,73670468,-13,1,14.6458,-0.147172,-14.6188,-0.870537,-0.0595112,-1.58086,13,-1,8.89583,0.988891,-8.71078,-1.50631,-0.170987,-1.45776,11,-1,39.1492,-16.5955,35.4395,-1.1362,-0.0290305,2.00874,-11,1,30.7289,17.9093,-8.1169,23.6144,1.01659,-0.425532
173439,1130676816,-13,1,38.2051,1.77116,-38.1605,-0.505495,-0.0132319,-1.52442,-13,1,27.9181,-9.84383,14.2616,-21.8887,-1.05576,2.17494,13,-1,22.3852,-8.44383,11.5042,-17.2465,-1.02144,2.20396,13,-1,18.5585,3.06914,12.7189,-13.1611,-0.885535,1.33402
172163,673078671,-13,1,31.4424,20.2128,13.4859,-19.9546,-0.749155,0.588369,13,-1,30.0522,19.6516,12.0278,-19.2943,-0.761619,0.549235,11,-1,113.43,77.2968,41.6567,-71.8077,-0.746499,0.494296,-11,1,16.5382,-11.2909,-9.82904,-7.0297,-0.453849,-2.4253
172163,590293079,13,-1,19.9977,14.0037,-9.07512,11.0198,0.619902,-0.575005,-13,1,14.9062,5.92627,-5.15355,12.6691,1.25593,-0.71577,-13,1,8.65914,2.53781,-5.24934,6.40106,0.94889,-1.12047,13,-1,7.26864,4.54454,-3.16253,4.70824,0.771525,-0.607967
166859,359311566,13,-1,61.8713,-50.631,-21.8989,28.0176,0.488264,-2.73337,-13,1,37.531,-29.7446,7.74433,21.5372,0.653248,2.88689,11,-1,156.031,15.5961,47.5263,147.796,1.80404,1.25371,-11,1,106.406,0.247581,18.808,104.73,2.41813,1.55763
